{"cameraMode":{"drawMode":0,"name":"Shaded","section":"Shading Mode"},"sceneLighting":true,"audioPlay":false,"sceneViewState":{"m_AlwaysRefresh":false,"showFog":true,"showSkybox":true,"showFlares":true,"showImageEffects":true,"showParticleSystems":true,"showVisualEffectGraphs":true,"m_FxEnabled":true},"in2DMode":false,"pivot":{"x":0.26600730419158938,"y":0.3507402539253235,"z":15.139267921447754},"rotation":{"x":0.2550593614578247,"y":-0.589588463306427,"z":0.20352818071842194,"w":0.7388641238212586},"size":1.0886893272399903,"orthographic":false}